縣市,縣市面積(公頃),樹冠比例2017%,樹冠比例2018%,樹冠比例2019%,樹冠比例2020%,樹冠比例2021%,樹冠比例2022%,樹冠比例2023%,樹冠比例2024%,樹冠比例2025%,疑似光電2017(公頃),疑似光電2018(公頃),疑似光電2019(公頃),疑似光電2020(公頃),疑似光電2021(公頃),疑似光電2022(公頃),疑似光電2023(公頃),疑似光電2024(公頃),疑似光電2025(公頃),新增光電2019(公頃),新增光電2020(公頃),新增光電2021(公頃),新增光電2022(公頃),新增光電2023(公頃),新增光電2024(公頃),新增光電2025(公頃),新增光電_前身水體（魚塭/鹽田/埤塘）(公頃),新增光電_前身農地/低植生(公頃),新增光電_前身裸露地/建物(公頃),新增光電_前身樹冠（砍樹光電）(公頃),樹冠明確消失2019(公頃),樹冠明確消失2020(公頃),樹冠明確消失2021(公頃),樹冠明確消失2022(公頃),樹冠明確消失2023(公頃),樹冠明確消失2024(公頃),樹冠明確消失2025(公頃),最低有效涵蓋率%（分析年份）
台南市,226172.4,28.61,19.05,21.3,27.66,23.35,32.01,24.35,30.96,37.13,16.3,36.9,57.8,120.8,346.3,629.2,854.6,1142.6,1188.9,26.4,61.4,220.5,243.6,290.1,224.3,170.9,396.6,665.5,171.2,3.9,25.5,27.6,179.7,27.0,130.7,31.5,60.8,100.0
彰化縣,124577.1,6.11,8.04,10.0,9.35,7.77,10.47,8.52,10.98,13.11,1.7,16.0,81.7,125.3,309.7,383.8,418.2,725.6,729.6,70.3,35.9,190.2,33.9,120.6,237.9,65.0,497.0,119.1,135.1,2.6,21.7,33.6,67.1,7.7,40.3,20.5,30.2,100.0
嘉義縣,195446.9,50.05,48.22,50.18,51.95,50.63,54.05,50.65,53.7,55.7,2.4,10.3,76.9,111.4,186.4,262.5,294.1,384.6,421.9,66.4,28.7,76.3,60.0,60.4,59.9,126.2,123.3,284.9,67.1,2.5,15.5,31.0,60.4,13.0,89.2,29.6,48.0,100.0
雲林縣,140115.3,10.0,9.32,12.65,13.13,11.87,14.16,11.97,14.45,16.79,2.7,13.9,31.3,66.7,119.9,227.2,310.9,393.9,355.2,19.3,30.6,57.5,85.1,120.0,41.2,26.6,32.7,302.5,42.5,2.6,16.5,78.9,78.1,43.3,75.9,23.6,24.2,100.0
高雄市,299932.8,58.8,54.08,55.8,57.67,56.09,61.85,55.79,60.43,64.5,26.2,37.4,71.2,75.5,96.4,146.8,135.2,228.3,308.6,30.7,11.4,25.0,34.8,23.9,76.2,113.3,81.0,147.7,84.8,1.9,42.5,32.3,115.7,29.3,107.1,25.4,201.7,100.0
屏東縣,280715.1,57.55,56.88,59.77,62.17,61.76,65.39,57.96,57.54,64.34,6.3,11.5,30.4,39.0,102.1,149.8,148.2,205.5,245.7,15.1,12.8,49.1,36.2,39.6,35.4,83.1,31.9,176.0,28.9,34.5,126.0,65.5,150.8,40.4,156.7,106.7,108.8,100.0
桃園市,121734.4,40.13,37.92,53.44,44.8,43.27,46.37,44.37,46.98,46.25,10.4,37.6,46.3,67.6,63.9,80.1,106.2,118.8,115.4,12.8,17.9,7.0,19.6,17.9,10.1,37.0,16.8,61.6,42.1,1.9,33.9,59.3,111.7,160.5,129.2,128.6,196.3,75.2
台中市,224106.2,52.64,54.53,55.93,55.53,54.52,58.93,54.87,58.4,61.21,49.8,59.5,48.4,51.9,56.2,90.7,72.1,110.8,89.4,9.9,8.1,10.5,11.9,15.6,14.8,23.7,5.5,42.7,46.0,0.2,32.4,21.5,60.3,8.7,45.9,29.3,49.4,100.0
花蓮縣,460550.0,80.19,82.98,83.96,83.86,84.91,85.63,82.68,82.63,81.83,0.9,2.4,9.1,7.7,8.4,68.3,48.3,38.8,44.4,2.9,0.9,1.2,37.5,1.9,3.3,18.4,0.0,24.1,4.2,37.6,62.2,28.3,42.1,191.3,110.4,349.8,622.4,100.0
苗栗縣,182754.0,69.87,72.34,72.46,73.38,69.28,76.78,74.02,77.01,77.45,0.3,4.3,6.5,7.9,15.0,34.4,31.3,32.6,40.6,2.2,2.8,5.4,11.9,4.2,2.8,13.2,8.2,22.9,10.2,1.1,36.6,25.4,34.8,40.1,47.5,26.5,52.3,100.0
新竹縣,141195.5,77.25,75.12,78.21,79.12,77.39,80.89,79.37,81.28,81.49,1.3,21.0,27.4,26.9,21.6,25.6,27.7,34.9,28.8,8.2,3.3,0.8,1.8,3.7,3.2,6.3,5.8,15.4,6.0,0.0,15.7,23.1,37.7,29.9,60.6,24.3,68.0,99.8
新北市,206570.0,72.61,74.8,77.59,79.3,79.46,80.35,79.35,80.82,81.05,1.5,2.3,1.3,4.0,5.6,7.5,12.1,12.4,15.4,0.3,2.1,1.6,2.2,2.6,2.5,8.2,0.2,12.4,6.1,0.7,33.1,26.6,41.2,64.2,37.5,32.7,62.9,100.0
南投縣,409953.9,80.92,79.55,80.31,79.46,80.97,83.11,77.94,82.3,83.05,0.6,1.1,1.7,3.2,4.7,10.4,8.9,15.9,14.4,1.1,0.2,2.7,1.9,2.5,3.2,5.3,0.8,11.1,4.5,0.5,107.1,78.5,140.7,45.6,113.2,104.8,179.4,100.0
台東縣,358350.7,77.27,80.43,82.44,82.5,82.78,84.36,82.18,81.39,83.29,0.3,0.9,5.9,5.6,7.8,13.1,7.0,11.9,15.6,3.6,0.5,1.8,1.1,0.3,1.8,7.0,0.0,11.7,1.7,2.6,86.3,58.8,47.2,43.9,83.8,59.5,235.6,99.9
宜蘭縣,219522.5,70.25,72.39,76.07,77.29,76.33,78.72,77.19,77.76,77.89,1.0,1.6,2.1,2.6,4.1,6.2,6.5,7.4,11.7,0.8,0.8,0.9,1.4,1.6,2.0,5.6,0.3,6.9,4.8,1.2,18.5,26.4,43.6,64.6,97.7,49.5,221.2,100.0
新竹市,12446.6,22.66,24.77,26.93,28.19,21.37,31.52,28.47,31.91,29.61,0.3,0.2,0.8,0.5,0.3,0.3,1.5,2.3,3.4,0.4,0.0,0.0,0.0,1.2,0.5,2.0,0.4,2.1,1.1,0.5,2.8,7.0,4.9,13.6,16.1,6.6,10.4,100.0
嘉義市,5977.4,12.79,8.62,13.1,15.49,12.46,16.9,14.98,18.12,20.47,0.0,0.0,0.5,0.8,1.8,2.5,1.5,3.3,2.3,0.5,0.1,1.1,0.1,0.3,0.5,0.7,0.1,2.0,1.1,0.0,0.2,2.3,4.6,0.2,1.7,0.9,3.0,100.0
金門縣,18410.8,14.37,27.3,23.59,20.02,5.52,17.71,24.21,23.88,27.15,0.0,3.0,2.7,2.9,2.9,3.4,3.2,4.1,4.0,0.1,0.0,0.1,0.7,0.0,0.5,0.9,0.2,1.2,0.8,0.0,12.2,9.6,8.7,0.6,1.2,4.3,3.1,100.0
台北市,26981.1,42.91,44.47,46.08,48.3,49.97,50.79,47.86,50.57,52.0,1.0,1.6,1.2,0.8,0.7,1.6,2.3,1.6,1.2,0.3,0.1,0.2,0.7,0.0,0.1,0.4,0.0,1.2,0.6,0.0,4.7,1.5,2.3,3.7,2.6,3.0,8.4,100.0
澎湖縣,13156.9,10.08,17.4,17.91,22.36,4.66,15.48,2.9,2.41,33.44,2.1,0.3,0.6,0.5,0.2,0.3,0.0,0.0,0.3,0.3,0.0,0.0,0.0,0.0,0.0,0.1,0.0,0.5,0.0,0.0,2.0,1.7,5.4,1.2,6.0,0.9,0.1,100.0
基隆市,13634.2,61.38,67.26,68.3,70.1,71.51,71.97,70.39,71.82,73.1,0.0,0.0,0.0,0.0,0.0,0.0,0.0,0.0,0.3,0.0,0.0,0.0,0.0,0.0,0.0,0.3,0.0,0.3,0.0,0.0,2.0,2.5,0.9,4.0,1.8,0.7,2.1,100.0
連江縣,2879.2,42.27,43.38,37.85,45.69,36.01,44.82,41.15,43.43,41.99,0.0,0.0,0.0,0.0,0.0,0.0,0.0,0.0,0.0,0.0,0.0,0.0,0.0,0.0,0.0,0.0,0.0,0.0,0.0,0.0,0.5,0.2,1.2,0.1,0.6,0.2,0.0,100.0
